{
  "generated_at": "2026-06-28T10:37:55Z",
  "bankroll": 100.0,
  "min_prob": 0.5,
  "ev_min": 0.1,
  "ds_min": 70.0,
  "wc_matches": 34,
  "sniper_bets": [],
  "skipped": [],
  "total_stake": 0,
  "bet_count": 0,
  "combo_suggestion": {
    "legs": [
      {
        "match": "South Africa vs Canada",
        "outcome": "Home Win",
        "odds": 5.7,
        "prob": 0.4212,
        "implied": 0.17543859649122806,
        "edge": 0.24576140350877196,
        "ev": 1.40084,
        "ds": 76.3
      },
      {
        "match": "Germany vs Paraguay",
        "outcome": "Away Win",
        "odds": 7.8,
        "prob": 0.2881,
        "implied": 0.12820512820512822,
        "edge": 0.1598948717948718,
        "ev": 1.2471800000000002,
        "ds": 68.0
      },
      {
        "match": "Brazil vs Japan",
        "outcome": "Home Win",
        "odds": 1.6,
        "prob": 0.57315,
        "implied": 0.625,
        "edge": -0.05184999999999995,
        "ev": -0.08295999999999992,
        "ds": 35.8
      }
    ],
    "combined_prob": 0.0696,
    "combined_odds": 71.14,
    "combined_ev": 3.9475,
    "combo_stake": 1.4,
    "is_value": true
  }
}